{
  "model_name": "TinyMLP",
  "layers_mapped": [
    "hidden"
  ],
  "n_candidates": 2,
  "levers": [
    {
      "idx": 0,
      "layer": "hidden",
      "vector": [
        0.00021491605730261654,
        -0.44207972288131714,
        0.12657269835472107,
        0.4689236581325531,
        0.05681358650326729,
        0.035700615495443344,
        0.01615232601761818,
        -0.25542014837265015,
        -0.011901266872882843,
        0.30486688017845154,
        -0.022493520751595497,
        -0.013909891247749329,
        -0.2757018506526947,
        -0.0028769918717443943,
        -0.01813233643770218,
        -0.08988284319639206,
        0.017669206485152245,
        -0.22789151966571808,
        0.04439026489853859,
        -0.03479021042585373,
        -0.09651589393615723,
        -0.0697411522269249,
        -0.044714897871017456,
        0.2468937337398529,
        -0.020592210814356804,
        -0.01866902969777584,
        0.06763079017400742,
        0.23358376324176788,
        0.17789502441883087,
        -0.005541245453059673,
        0.035698555409908295,
        -0.3082500994205475
      ],
      "fire_rate": 0.275,
      "potency": 0.0399999999999,
      "null_potency": 0.043124999999892194,
      "causal": false,
      "top_tokens": [],
      "label": "",
      "nameable": false
    },
    {
      "idx": 1,
      "layer": "hidden",
      "vector": [
        0.001234310562722385,
        0.40965789556503296,
        -0.16732074320316315,
        -0.3182861804962158,
        -0.009358630515635014,
        0.20267634093761444,
        -0.04248011112213135,
        -0.11106841266155243,
        -0.15703962743282318,
        0.1914542317390442,
        -0.08218595385551453,
        0.002224378753453493,
        -0.26951202750205994,
        0.13796275854110718,
        0.020410530269145966,
        0.06326693296432495,
        -0.0030275750905275345,
        0.23277831077575684,
        0.007544391322880983,
        0.028993818908929825,
        -0.0646895244717598,
        -0.21544858813285828,
        -0.1315383017063141,
        0.40573039650917053,
        -0.11467108875513077,
        -0.014130769297480583,
        0.3584807217121124,
        0.14427782595157623,
        -0.0917162075638771,
        -0.010655713267624378,
        0.021455097943544388,
        -0.15534189343452454
      ],
      "fire_rate": 0.01,
      "potency": 0.0,
      "null_potency": 0.043124999999892194,
      "causal": false,
      "top_tokens": [],
      "label": "",
      "nameable": false
    }
  ],
  "coords": [],
  "ledger": {
    "candidates_probed": 2,
    "causal_levers": 0,
    "causal_fraction": 0.0,
    "nameable_causal": 0,
    "unnameable_causal": 0,
    "unnameable_fraction_of_causal": 0.0,
    "per_layer": {
      "hidden": {
        "recon_r2": 0.9764587061272421,
        "mean_l0": 7.7375,
        "dead_atoms": 46,
        "n_candidates": 2,
        "n_causal": 0,
        "null_potency_hi": 0.07824999999980438,
        "null_potency_mean": 0.043124999999892194
      }
    },
    "note": "causal_fraction = of SAE atoms probed, how many measurably steer output vs a random-direction null. unnameable_causal = real levers with no human word -- the alien residue, the primary finding per axiom 2."
  },
  "meta": {
    "l1": 1.0,
    "top_k": 16,
    "clamp_scale": 5.0,
    "potency_margin": 0.03
  }
}