{
  "model": "Qwen/Qwen3.5-0.8B",
  "clean": "The capital of France is",
  "corrupt": "The capital of Japan is",
  "n_layers": 24,
  "subject_pos": 3,
  "last_pos": 4,
  "base_clean_gap": 8.53125,
  "base_corrupt_gap": -6.875,
  "last_restoration": [
    -0.00405679513158252,
    0.0,
    0.00811359026316504,
    0.00811359026316504,
    0.012170385394747562,
    0.00811359026316504,
    0.01622718052633008,
    0.01622718052633008,
    0.01622718052633008,
    0.020283975657912602,
    0.024340770789495123,
    0.01622718052633008,
    0.020283975657912602,
    0.01622718052633008,
    0.028397565921077644,
    0.048681541578990246,
    0.22718052736862115,
    0.27180527381602887,
    0.27180527381602887,
    0.2799188640791939,
    0.9756592291455961,
    0.9858012169745525,
    1.0202839755930038,
    0.9999999999350913
  ],
  "subject_restoration": [
    0.9999999999350913,
    1.0020283975008826,
    1.0101419877640476,
    1.012170385329839,
    1.0243407707245864,
    1.0304259634219601,
    1.0385395536851252,
    1.0365111561193339,
    1.0385395536851252,
    1.0405679512509165,
    1.0324543609877515,
    1.0344827585535428,
    1.0324543609877515,
    1.0243407707245864,
    1.0081135901982563,
    0.9634888437508485,
    0.6328600405268732,
    0.584178498947883,
    0.5801217038163005,
    0.5638945232899704,
    0.00405679513158252,
    -0.020283975657912602,
    -0.020283975657912602,
    0.0
  ],
  "null_p90": 0.5755578092932702,
  "causal_layers": [
    20,
    21,
    22,
    23
  ],
  "peak_last": 22,
  "peak_subject": 9,
  "top6_mass_frac": 0.856650057331419,
  "gates": {
    "G1_causal_circuit_exists": true,
    "G2_localized_not_diffuse": true,
    "G3_crossvalidates_stages_1_2": true,
    "G4_subject_vs_last_dissociation": true
  }
}