{
  "model": "Qwen/Qwen3.5-0.8B",
  "n_layers": 24,
  "n_samples": 48,
  "categories": [
    "code",
    "science",
    "narrative",
    "dialogue",
    "factual",
    "instruction"
  ],
  "participation_ratio": [
    20.610780715942383,
    17.142648696899414,
    17.319873809814453,
    18.048233032226562,
    18.624300003051758,
    19.548391342163086,
    17.172819137573242,
    18.999338150024414,
    17.58032989501953,
    17.171049118041992,
    16.032907485961914,
    15.793436050415039,
    15.325017929077148,
    14.955787658691406,
    14.543067932128906,
    16.310400009155273,
    15.960176467895508,
    17.0091609954834,
    16.49049186706543,
    15.991787910461426,
    15.415773391723633,
    15.797955513000488,
    16.52684211730957,
    11.350682258605957
  ],
  "min_pr": 11.350682258605957,
  "max_pr": 20.610780715942383,
  "adjacent_cka": [
    0.9695929884910583,
    0.9715118408203125,
    0.9846010208129883,
    0.9875240325927734,
    0.9856808185577393,
    0.8891245722770691,
    0.9538981318473816,
    0.9960922598838806,
    0.9977954626083374,
    0.9960103631019592,
    0.9889770746231079,
    0.9972973465919495,
    0.9968562126159668,
    0.9111154079437256,
    0.9053382277488708,
    0.9915779232978821,
    0.9955339431762695,
    0.9947527647018433,
    0.9957490563392639,
    0.99527907371521,
    0.9982317090034485,
    0.99709153175354,
    0.9587507247924805
  ],
  "median_cka": 0.9915779232978821,
  "reorg_layers": [
    0,
    1,
    5,
    6,
    13,
    14,
    22
  ],
  "per_layer": [
    {
      "layer": 0,
      "pr": 20.610780715942383,
      "sil": 0.0410134457051754,
      "sil_null": 0.0013501089997589588,
      "purity": 0.6666666666666666,
      "ami": 0.6580304635186501,
      "ami_null": 0.022894752781098315
    },
    {
      "layer": 1,
      "pr": 17.142648696899414,
      "sil": 0.05128924921154976,
      "sil_null": 0.0015675098402425647,
      "purity": 0.6666666666666666,
      "ami": 0.6969613672427044,
      "ami_null": -0.044365702467692024
    },
    {
      "layer": 2,
      "pr": 17.319873809814453,
      "sil": 0.08876023441553116,
      "sil_null": 0.0013393210247159004,
      "purity": 0.9375,
      "ami": 0.8880322245580431,
      "ami_null": -0.06184936770293418
    },
    {
      "layer": 3,
      "pr": 18.048233032226562,
      "sil": 0.05910909175872803,
      "sil_null": -0.002391526475548744,
      "purity": 0.8125,
      "ami": 0.7467843958394134,
      "ami_null": 0.040796054555801035
    },
    {
      "layer": 4,
      "pr": 18.624300003051758,
      "sil": 0.047752153128385544,
      "sil_null": 0.0004653212090488523,
      "purity": 0.7708333333333334,
      "ami": 0.7003315010601311,
      "ami_null": 0.0678248749722229
    },
    {
      "layer": 5,
      "pr": 19.548391342163086,
      "sil": 0.036002080887556076,
      "sil_null": 8.479016833007336e-05,
      "purity": 0.7708333333333334,
      "ami": 0.7299131910054443,
      "ami_null": -0.03594733505641491
    },
    {
      "layer": 6,
      "pr": 17.172819137573242,
      "sil": 0.04691531881690025,
      "sil_null": -0.00775107741355896,
      "purity": 0.6458333333333334,
      "ami": 0.5654940618738192,
      "ami_null": 0.04344938724252635
    },
    {
      "layer": 7,
      "pr": 18.999338150024414,
      "sil": 0.05167992785573006,
      "sil_null": -0.000376611715182662,
      "purity": 0.7708333333333334,
      "ami": 0.727912949454356,
      "ami_null": -0.009211319845065999
    },
    {
      "layer": 8,
      "pr": 17.58032989501953,
      "sil": 0.06827516108751297,
      "sil_null": 0.001634549000300467,
      "purity": 0.7708333333333334,
      "ami": 0.7495955673619575,
      "ami_null": 0.07210865199081841
    },
    {
      "layer": 9,
      "pr": 17.171049118041992,
      "sil": 0.08449240773916245,
      "sil_null": 0.00020635267719626427,
      "purity": 0.7916666666666666,
      "ami": 0.8054943095235798,
      "ami_null": -0.03818864048302971
    },
    {
      "layer": 10,
      "pr": 16.032907485961914,
      "sil": 0.08691234141588211,
      "sil_null": 0.00014725215442012995,
      "purity": 0.75,
      "ami": 0.7653821151250119,
      "ami_null": -0.0762833250228346
    },
    {
      "layer": 11,
      "pr": 15.793436050415039,
      "sil": 0.06444091349840164,
      "sil_null": 0.001187215675599873,
      "purity": 0.7708333333333334,
      "ami": 0.6892050018021594,
      "ami_null": 0.0040721756574509105
    },
    {
      "layer": 12,
      "pr": 15.325017929077148,
      "sil": 0.09443195909261703,
      "sil_null": 0.0004654269723687321,
      "purity": 0.8125,
      "ami": 0.8501006108745865,
      "ami_null": 0.09404736111127356
    },
    {
      "layer": 13,
      "pr": 14.955787658691406,
      "sil": 0.06450361758470535,
      "sil_null": 0.0014027139404788613,
      "purity": 0.8125,
      "ami": 0.7575226047043248,
      "ami_null": 0.008788824966059256
    },
    {
      "layer": 14,
      "pr": 14.543067932128906,
      "sil": 0.0945202112197876,
      "sil_null": 0.0004916354082524776,
      "purity": 0.8125,
      "ami": 0.8501006108745865,
      "ami_null": 0.05976417298941688
    },
    {
      "layer": 15,
      "pr": 16.310400009155273,
      "sil": 0.0884467139840126,
      "sil_null": 0.0018191732233390212,
      "purity": 0.9375,
      "ami": 0.8880322245580431,
      "ami_null": -0.05691537981148344
    },
    {
      "layer": 16,
      "pr": 15.960176467895508,
      "sil": 0.062176723033189774,
      "sil_null": 0.0024219092447310686,
      "purity": 0.8541666666666666,
      "ami": 0.7836909851445492,
      "ami_null": -0.020383781719621498
    },
    {
      "layer": 17,
      "pr": 17.0091609954834,
      "sil": 0.03453119844198227,
      "sil_null": 0.0010082721710205078,
      "purity": 0.8125,
      "ami": 0.7793208422022986,
      "ami_null": 0.017245893261149028
    },
    {
      "layer": 18,
      "pr": 16.49049186706543,
      "sil": 0.07077594846487045,
      "sil_null": 0.0017771661514416337,
      "purity": 0.7916666666666666,
      "ami": 0.7753771789398741,
      "ami_null": 0.04677389517390214
    },
    {
      "layer": 19,
      "pr": 15.991787910461426,
      "sil": 0.04708941653370857,
      "sil_null": 0.0023303991183638573,
      "purity": 0.7916666666666666,
      "ami": 0.7786944531307242,
      "ami_null": -0.02191277613653721
    },
    {
      "layer": 20,
      "pr": 15.415773391723633,
      "sil": 0.07456806302070618,
      "sil_null": 9.684249380370602e-05,
      "purity": 0.7708333333333334,
      "ami": 0.7434099068461311,
      "ami_null": 0.04285012228254441
    },
    {
      "layer": 21,
      "pr": 15.797955513000488,
      "sil": 0.055412691086530685,
      "sil_null": 0.0006642686785198748,
      "purity": 0.7708333333333334,
      "ami": 0.76441465990524,
      "ami_null": -0.09631837958096284
    },
    {
      "layer": 22,
      "pr": 16.52684211730957,
      "sil": 0.06005358695983887,
      "sil_null": -0.0011786292307078838,
      "purity": 0.7916666666666666,
      "ami": 0.7410868740803174,
      "ami_null": 0.0045927252559605615
    },
    {
      "layer": 23,
      "pr": 11.350682258605957,
      "sil": 0.11085674911737442,
      "sil_null": -0.0009797968668863177,
      "purity": 0.875,
      "ami": 0.8540034862291843,
      "ami_null": 0.03762947470210002
    }
  ],
  "best_layer": 2,
  "nameable_fraction": 0.9375,
  "unnameable_residue": 0.0625,
  "gates": {
    "G1_structure_real": true,
    "G2_dim_nontrivial": true,
    "G3_reorg_localized": true,
    "G4_nameability_measured": true
  }
}