{
  "model": "Qwen/Qwen3.5-0.8B",
  "state_shape_per_layer": [
    16,
    128,
    128
  ],
  "linear_layers": [
    0,
    1,
    2,
    4,
    5,
    6,
    8,
    9,
    10,
    12,
    13,
    14,
    16,
    17,
    18,
    20,
    21,
    22
  ],
  "full_attn_layers": [
    3,
    7,
    11,
    15,
    19,
    23
  ],
  "probe_acc_by_filler": {
    "0": [
      0.9625000000000001,
      1.0,
      1.0,
      1.0,
      1.0,
      1.0,
      1.0,
      1.0,
      1.0,
      1.0,
      0.9833333333333336,
      1.0,
      0.9666666666666668,
      1.0,
      1.0,
      1.0,
      1.0,
      0.9791666666666667
    ],
    "1": [
      0.975,
      1.0,
      1.0,
      1.0,
      1.0,
      1.0,
      1.0,
      1.0,
      1.0,
      1.0,
      1.0,
      1.0,
      0.9875000000000002,
      1.0,
      1.0,
      1.0,
      1.0,
      1.0
    ],
    "2": [
      0.9541666666666668,
      1.0,
      1.0,
      1.0,
      1.0,
      1.0,
      1.0,
      1.0,
      1.0,
      1.0,
      0.9708333333333334,
      1.0,
      1.0,
      1.0,
      1.0,
      1.0,
      1.0,
      0.9833333333333336
    ]
  },
  "probe_null_by_filler": {
    "0": [
      0.5041666666666667,
      0.5291666666666666,
      0.4958333333333333,
      0.4916666666666667,
      0.5166666666666668,
      0.4541666666666666,
      0.5416666666666667,
      0.4666666666666666,
      0.5458333333333333,
      0.5333333333333333,
      0.4333333333333333,
      0.4875,
      0.5499999999999999,
      0.4833333333333334,
      0.5166666666666667,
      0.5208333333333333,
      0.5,
      0.475
    ],
    "1": [
      0.5208333333333333,
      0.5125,
      0.5250000000000001,
      0.4666666666666667,
      0.45,
      0.4958333333333334,
      0.5333333333333333,
      0.4333333333333333,
      0.5083333333333333,
      0.4833333333333333,
      0.5416666666666666,
      0.4999999999999999,
      0.4958333333333333,
      0.5374999999999999,
      0.4916666666666666,
      0.4833333333333333,
      0.5125,
      0.5291666666666666
    ],
    "2": [
      0.5125,
      0.4958333333333334,
      0.5083333333333333,
      0.4875,
      0.525,
      0.5291666666666667,
      0.5583333333333333,
      0.5291666666666666,
      0.525,
      0.49583333333333324,
      0.4875000000000001,
      0.4833333333333334,
      0.4875,
      0.4958333333333333,
      0.4958333333333333,
      0.4708333333333333,
      0.5,
      0.5041666666666667
    ]
  },
  "best_layer": 1,
  "retention_curve": [
    1.0,
    1.0,
    1.0
  ],
  "condition_means": {
    "baseline": 0.16666666666666666,
    "selfpatch": 0.16666666666666666,
    "deltanet": 0.20833333333333334,
    "kv": 0.8472222222222222,
    "both": 1.0,
    "neutral": 0.0,
    "early": 0.16666666666666666,
    "mid": 0.16666666666666666,
    "late": 0.125
  },
  "condition_scores": {
    "baseline": [
      0.5,
      0.5,
      0.5,
      0.5,
      0.0,
      0.0,
      0.0,
      0.0,
      0.0,
      0.0,
      0.0,
      0.0
    ],
    "selfpatch": [
      0.5,
      0.5,
      0.5,
      0.5,
      0.0,
      0.0,
      0.0,
      0.0,
      0.0,
      0.0,
      0.0,
      0.0
    ],
    "deltanet": [
      0.5,
      0.5,
      0.5,
      0.5,
      0.0,
      0.0,
      0.0,
      0.0,
      0.0,
      0.0,
      0.0,
      0.5
    ],
    "kv": [
      1.0,
      0.5,
      0.5,
      0.5,
      0.6666666666666666,
      1.0,
      1.0,
      1.0,
      1.0,
      1.0,
      1.0,
      1.0
    ],
    "both": [
      1.0,
      1.0,
      1.0,
      1.0,
      1.0,
      1.0,
      1.0,
      1.0,
      1.0,
      1.0,
      1.0,
      1.0
    ],
    "neutral": [
      0.0,
      0.0,
      0.0,
      0.0,
      0.0,
      0.0,
      0.0,
      0.0,
      0.0,
      0.0,
      0.0,
      0.0
    ],
    "early": [
      0.5,
      0.5,
      0.5,
      0.5,
      0.0,
      0.0,
      0.0,
      0.0,
      0.0,
      0.0,
      0.0,
      0.0
    ],
    "mid": [
      0.5,
      0.5,
      0.5,
      0.5,
      0.0,
      0.0,
      0.0,
      0.0,
      0.0,
      0.0,
      0.0,
      0.0
    ],
    "late": [
      0.0,
      0.5,
      0.5,
      0.5,
      0.0,
      0.0,
      0.0,
      0.0,
      0.0,
      0.0,
      0.0,
      0.0
    ]
  },
  "noop": [
    6,
    6
  ],
  "gates": {
    "R1_state_readable": {
      "pass": true,
      "detail": "dog/cat from state: acc 1.00 at layer 1 (bar 0.90)"
    },
    "R2_probe_controls": {
      "pass": true,
      "detail": "shuffled-label max 0.56 across fillers, 20-split mean (chance 0.5)"
    },
    "S1_machinery": {
      "pass": true,
      "detail": "full transplant 1.00, baseline 0.17 (bars >=0.8, <=0.2)"
    },
    "S2_noop_exact": {
      "pass": true,
      "detail": "self-patch byte-identical 6/6"
    },
    "S3_null_state": {
      "pass": true,
      "detail": "neutral-memory patch 0.00 (must not produce donor content)"
    }
  },
  "examples": {
    "baseline": "I can't describe a real person or a real pet, but I can help you write a detailed description of your friend's pet Max! Here's a sample description you could use for a story,",
    "selfpatch": "I can't describe a real person or a real pet, but I can help you write a detailed description of your friend's pet Max! Here's a sample description you could use for a story,",
    "deltanet": "I can't describe a real person or a real pet, but I can help you imagine a detailed description of your friend's pet Max! Here's a vivid example:\n\n**Appearance:**\nMax",
    "kv": "I can't describe a real person or a real dog, but I can help you write a detailed description of your friend's pet Max! Here's a sample description you can use:\n\n---\n\n",
    "both": "I can't describe a real person or a real dog, but I can help you write a detailed description of your friend's dog named Max! Here's a sample description you could use for a story",
    "neutral": "The friend's pet cat, **Max**, is a beloved companion who has been a constant companion to the household for years. He is a large, fluffy cat with a distinctive spotted coat that adds a",
    "early": "I can't describe a real person or a real pet, but I can help you write a detailed description of your friend's pet Max! Here's a sample description you could use for a story,",
    "mid": "I can't describe a specific person or their pet, but I can help you write a detailed description of your friend's pet Max! Here's a template you can use to create a vivid, engaging",
    "late": "Since I don't know your friend's specific location or the exact breed of the cat, I have created a **universal, detailed profile** for a friendly, well-behaved cat named Max."
  },
  "runtime_sec": 223.5
}